mg,b,j,k,l,base,health,decay,frequency
375.0119024790029,0.15623753447788366,0.030691665918526796,0.08016118092661362,0.052341692241527946,-70.7231047166165,healthy,1.3059112063093472,3.03444777838955e-8
376.2867347608877,-2.278956181046766e-06,0.03676971100118861,0.10534616289442517,0.07545486308160011,-70.80669726608514,healthy,1.4325127941720806,3.10209821022158e-8
362.95076277409527,0.16129601558720927,0.028174571184172797,0.07229947047079698,0.046382369018042595,-70.39274357547274,healthy,1.2830624820904382,3.69570946121477e-8
373.0238590354784,0.17300893199145428,0.027764915978565657,0.07562450633435311,0.051495437287922254,-66.97465220058236,healthy,1.3618716943486298,8.04336336757107e-8
367.7877566087325,0.22698205771512892,0.02887048595971191,0.07412664017900313,0.047581107501058435,-70.30479373269507,healthy,1.283778878582874,2.28103021508437e-8
343.2923164409897,4.674606415116019e-06,0.045584501289084825,0.1117870701734065,0.0685339792285188,-69.8460912075652,healthy,1.226152168085404,1.44466757200305e-8
371.98323798038217,-1.502518384565406e-05,0.030678607466226002,0.08266497659629896,0.055686184283214604,-69.547301676726,healthy,1.3472739381555145,3.39405983161548e-8
309.0371555325296,0.13778254049253486,0.03753660006822611,0.08229781985115396,0.04510884803060606,-68.04630609429617,healthy,1.0962343379737423,2.48110530235215e-8
369.1931081093697,0.16772525049807868,0.028188945884306055,0.07500117322286162,0.04988813707235383,-70.45718745630427,healthy,1.3303295116228142,3.69382486732103e-8
472.39748024099254,0.1401858891034653,0.02294729811776137,0.07726027937719399,0.06503108491040502,-70.4215741234412,healthy,1.6834286760190296,2.86981284072394e-8
464.7407847129635,0.16995290725042095,0.02312415578494894,0.075695797033937,0.0619466256615997,-68.21444301754792,healthy,1.636725633097618,3.48790682884043e-8
358.94643066761864,0.18201766474605632,0.029005949126208217,0.07453162302662127,0.04787778885300481,-68.627325619823,healthy,1.2847644237105569,3.58978183537303e-8
399.8472216408055,0.03161584851638876,0.02704540086771382,0.07553279445645125,0.05273729059141234,-68.99704431769295,healthy,1.3964073748786723,0.000744216589793189
416.9898960028909,-0.00011845117241769863,0.032543398830746674,0.10301216211672866,0.08151811062476944,-69.26407957392752,healthy,1.5826890524324062,5.35391218492985e-8
456.8615317018987,0.13819866077723356,0.02183492157695594,0.07397914639365541,0.06266239704416762,-67.02295505882384,healthy,1.6940556926875168,5.22389120039393e-8
372.9165665980041,0.17945770981168507,0.026790619661616888,0.07622646306988451,0.05422115786732974,-69.61878035667151,healthy,1.4226334447033098,3.01056496237182e-8
437.4048351999478,0.16421749609906827,0.024549603373066185,0.07610791695490034,0.058986849351392937,-67.62306551377078,healthy,1.5500844514335355,5.01850861980993e-8
531.1130723937106,0.14239431871854658,0.01885865642344848,0.06980456945015831,0.06459471192846201,-68.94122969223915,healthy,1.8507301867847992,4.27681055651497e-8
381.14930245187765,0.17291603567784533,0.026221313714850952,0.07484038336793325,0.05340200574587287,-68.39717672945423,healthy,1.4270906519368238,3.0759290610147e-8
363.2467979044145,0.18496988316258567,0.028821045415554244,0.07667107732188912,0.050990986039376934,-68.5817165585969,healthy,1.3301231134473526,1.61569880826193e-8
443.43118163772596,0.1598167427588145,0.025132092159637003,0.0781004283875685,0.06067617526206201,-69.82722327962189,healthy,1.5537987822796635,1.85285524320815e-8
415.8846961829403,0.15852703462750894,0.024114303331041517,0.07619491894984974,0.06018902551396475,-68.24469978169876,healthy,1.5798697956114418,2.73092902142853e-8
372.85676302277983,0.18421954594106313,0.02782330377487713,0.0735938675281098,0.04866475762158923,-68.19947464912151,healthy,1.3225220865855785,2.89882544237324e-8
551.777092862707,0.20508198238169195,0.015024750554752879,0.0608857796095441,0.061682856982429105,-68.71042242986043,healthy,2.026182710576972,3.09929463128713e-8
368.3902182913871,1.8828502720529093e-06,0.04107972234746785,0.11301743987332015,0.07773264390324479,-70.15827371209238,healthy,1.3755867057398274,3.20617798928873e-8
416.7767137185766,0.1753216160609292,0.0247636928348637,0.07662560388273157,0.05927511709932752,-67.2281127690658,healthy,1.5471360510265617,5.31862927208969e-8
463.68407356256256,0.17808827575670028,0.020751368227979825,0.0717139417227743,0.06195843788366607,-69.19581923289115,healthy,1.7279328508584746,7.44251536778791e-8
403.0594463668432,0.17068963782617455,0.027957189866619263,0.07645555113247685,0.05227144901596697,-71.55710178191309,healthy,1.3673683137904424,4.9968679562863e-8
401.0363174958004,0.1707221419415467,0.026226232945426912,0.07585870578495153,0.054854839954924454,-70.94729867193134,healthy,1.4462371691504987,2.51101448444028e-8
328.9382642848728,0.16778234394099437,0.033708044976691824,0.0787943587116153,0.04604650736246903,-68.74250617530055,healthy,1.168776752939831,2.392749295584e-8
377.4505426550047,0.16806715111631232,0.02794675190930137,0.07874488700088164,0.0554693909412587,-69.06541029035272,healthy,1.4088379081841242,4.081449431309e-8
339.6430130825088,-1.2631528394809495e-06,0.047331431513725375,0.11250472553678485,0.06685469287167486,-67.96594191878508,healthy,1.188477951529527,1.39134711738383e-8
428.73212098718744,9.523829394385626e-06,0.017463397349478386,0.05462239371733499,0.04271227750968907,-69.94495250318377,healthy,1.5639108652293967,1.88549941000566e-8
549.0233616397754,0.17929166757225568,0.01700324462404399,0.06558391478624682,0.06324160437895729,-69.03187746523372,healthy,1.9285705827435358,6.12383292679181e-8
317.1133305486848,1.8116981927302144e-05,0.03697078461420562,0.08277954637703645,0.04633694801107193,-68.40949442794962,healthy,1.1195265023565297,3.77861567316167e-8
643.5297759031146,6.794262372280824e-08,0.02365985123120868,0.10626436183552505,0.11931726119030349,-70.58120731465353,healthy,2.2456684278588437,4.82096246390154e-8
439.07796052715184,0.1777380744980709,0.022385921854826407,0.07260001331617388,0.058862462395894696,-69.55246640367154,healthy,1.6215551404804291,2.94177971429279e-8
433.17710285615954,0.15962318497426176,0.025594089269040478,0.07694549971786724,0.05783180898327655,-68.39466043460314,healthy,1.503188859525923,1.81940948323182e-8
387.33212434941584,0.16514776073756388,0.026499416238691363,0.07783201009066257,0.057150521167972715,-70.20051316080136,healthy,1.4685608428049317,3.043648212738e-8
437.44841292050796,0.16748727171913305,0.02350972478955067,0.07492863893007493,0.05970189976882375,-67.14139447954554,healthy,1.5935669090303077,1.98071773053979e-8
297.5408593706553,0.2019196077021982,0.034014229052804185,0.07465679346071477,0.04096547948494756,-69.67537582407948,healthy,1.0974347433366265,3.06121973628658e-8
371.91716630571653,0.19459051938565636,0.029856489927591642,0.076093663158069,0.04848397774534324,-70.33897141829257,healthy,1.274323662001333,3.82038394211039e-8
451.8037709196744,0.1546629980287081,0.023301390508268096,0.07606100646081902,0.062070080128693944,-69.15875574087893,healthy,1.6321130370702575,3.9968540687948e-8
512.4688760848793,0.13204914765474793,0.019134591645148046,0.07054927005306214,0.06502881792988198,-70.88078251817332,healthy,1.8435008010989171,4.86721949381989e-8
439.2716699900815,0.16079923082235106,0.025625046798672602,0.0763580082920827,0.05688326616671583,-68.7689572674031,healthy,1.4899096359121207,3.14750257851905e-8
456.871909075091,3.445382361478487e-06,0.034939807522578956,0.10915224231921952,0.08524812275807737,-68.93689008723004,healthy,1.562004058675519,3.76959436629496e-8
392.194741527335,0.19139161245141803,0.026977102703661625,0.07676343402526287,0.05460765068139691,-66.2671348322727,healthy,1.4227516362393449,3.45227056013346e-8
297.3812627198433,-4.2045298219692045e-05,0.03125902815371738,0.07202489837231546,0.04148870176027415,-66.34012623499724,healthy,1.1520655411635075,2.97937149560654e-8
477.4098485449599,9.690138790291563e-08,0.023392564322882576,0.08351801596943431,0.07454568570585801,-66.5404310047814,healthy,1.7851402440675797,2.81518733428695e-8
419.5385398392441,0.17248883572861223,0.025837752249144433,0.07563223617034424,0.05534764685573747,-69.4716918515605,healthy,1.4635993766224122,2.548768567918e-8
398.4591550154249,0.17053132521676845,0.026565883756229,0.07646727362622331,0.05502587443996365,-67.01045063975683,healthy,1.439200636573849,1.75285449405971e-8
433.24826463910415,1.32413438265145e-05,0.016490760364800273,0.05594630334336351,0.04745064491490408,-68.71051676876978,healthy,1.6962924118035687,2.82377086930266e-8
344.6758175799207,5.6231448872483055e-06,0.05012158879550271,0.1280896477273096,0.0818357829888786,-69.01202636153805,healthy,1.2777891803262509,1.85812660172306e-8
432.9857550075182,0.16817231391989526,0.02434595123014964,0.07496541898147845,0.057707891447152854,-69.96842593745043,healthy,1.5395869784016174,3.31286710102383e-8
417.20846413325773,0.16936373865986223,0.02527293814348657,0.07585650506719555,0.05692066083037184,-66.73345647306104,healthy,1.5007456718431755,3.19135434176971e-8
390.6546450055958,2.081137017034539e-07,0.03834727664386484,0.10920287086764063,0.07774520154642141,-68.25016258514827,healthy,1.423867356759374,3.4346350803406e-8
298.19807378631003,0.16632307520036338,0.03597600997335934,0.07602483631441345,0.040164096441721524,-68.98677165726792,healthy,1.056604614723961,1.83051013292019e-8
517.438442099198,0.1423253565671064,0.018326652291546508,0.07042797103574658,0.06766237261046162,-69.26481962094138,healthy,1.9214630668862727,3.59337045034943e-8
458.3996085712352,-1.8107379167784133e-06,0.02967004160124353,0.09845474946138194,0.08167613835682343,-66.97087783197608,healthy,1.6591609608200804,3.84439146463385e-8
450.8908895683028,-1.2598316962241785e-06,0.02719768909261971,0.09607451648395904,0.0848446414527479,-69.0915276391367,healthy,1.7662257288989591,5.9310113148826e-8
551.6420730883291,-1.9051876080190302e-06,0.0029237494086004094,0.012041313577877515,0.012397884737853207,-68.73261101454229,healthy,2.059224628221756,2.81549654206669e-8
544.4260630628498,0.13257763827412206,0.020039669534447205,0.07099341776917992,0.06287610379359915,-71.42838836885622,healthy,1.77132206813954,6.14792553983332e-8
489.1641861473894,-4.989351945033068e-06,0.02561826215209802,0.07963954133931181,0.06189389923368145,-70.77639238366604,healthy,1.554350971710813,4.80916290922403e-8
458.38160209120156,0.11793564083832307,0.025466552128309006,0.07743568964572255,0.05886432918654801,-70.63316745685671,healthy,1.5203410586477442,3.16709150367615e-8
424.2066603426599,0.1762605363981559,0.02435062448742523,0.07294538106084614,0.05462928292516537,-69.09867681472838,healthy,1.4978133537913054,1.91231763911521e-8
390.40302641553944,-1.541288096363182e-07,0.03225942051264529,0.09100982942502517,0.06418891691440515,-69.16330435452119,healthy,1.4105930605503352,3.53581226427922e-8
398.6859845902022,0.17298702213618583,0.026868299204272292,0.07660441903288719,0.054601865294408636,-67.51085867102933,healthy,1.4255539297535145,1.73312528555471e-8
461.2484516067132,0.013585319001132898,0.02715690100691297,0.08977229157752577,0.07418985100277842,-69.06075898629705,healthy,1.6528449169268915,0.000694414828434821
317.18840044850924,0.12694570412545395,0.03553169909516981,0.083393000299159,0.048930903080855764,-65.83418276867663,healthy,1.1735014426948058,3.21018295189429e-8
339.37793326657356,0.13157437020448443,0.03084989263920008,0.07596355712826748,0.04676241566759294,-70.62206563801674,healthy,1.2311802510415022,2.61443052061087e-8
371.63082194039384,0.18824198559455668,0.029298029601327574,0.07470997687481418,0.04762761114472998,-71.62251721236707,healthy,1.2750000237461168,3.17878911069596e-8
376.44020001662403,0.1653753544294248,0.02804224798970271,0.07864602149564899,0.055141769477302024,-69.65600392757726,healthy,1.402277405230285,5.25118487861331e-8
419.5343633924458,0.1684946908718456,0.024971325138351652,0.0760380828481205,0.057884293396366526,-69.1502574865597,healthy,1.5225079651728035,3.72956809242425e-8
462.8509272155825,0.17654274030013228,0.023666301628506945,0.07195038701243343,0.05468596522283861,-72.8234266143872,healthy,1.5201020451325293,6.22213943341604e-8
579.3092503587063,0.0012766709330135457,0.022218246952036426,0.09100006330648407,0.09317804959806524,-69.66064875044722,healthy,2.04786776164047,0.000270171619242521
390.1642089719884,0.17960583963115556,0.030561694807451203,0.07864747425769704,0.05059785825103407,-71.06721545545813,healthy,1.2867001446287938,2.15480362634261e-8
435.61797342025125,0.16970132475836003,0.02465132989857039,0.07594963568487374,0.05849935058675653,-70.90735895032664,healthy,1.5404774508591177,3.77798106003802e-8
343.7583383818423,0.1890107056745688,0.028839485976128905,0.0711398369654074,0.04387106975184778,-66.40345027101371,healthy,1.2333756056590512,2.28348212769053e-8
382.37506280948446,0.04619375470867727,0.02928340287096839,0.07572723785078772,0.048957905250547405,-68.12819708541986,healthy,1.2930061131294242,0.0007040360686532
355.87688186696914,0.10688707700876202,1.871078322605972e-10,4.733582583700543e-10,2.9938356676466794e-10,-69.58240208055675,healthy,1.2649343767469272,3.21165518425715e-8
356.5975553748953,0.2130331532621787,0.030614635669405886,0.07557905271386821,0.0466459348953974,-69.36703197421244,healthy,1.234361459172885,3.0420828282016e-8
579.0243761624196,0.13481192381876025,0.0181951854079086,0.07158678807602563,0.07041242109044893,-67.87586284008371,healthy,1.9671903987554364,4.4327605938237e-8
319.02004142317753,1.7164748257387708e-06,0.014547589610770385,0.034409114999777266,0.020346793296109448,-69.82954212051214,healthy,1.1826397334683643,2.26341450921589e-8
398.90882587153465,0.17143130577584176,0.026205084191519432,0.07635843486708926,0.05562480292696823,-70.10287411169254,healthy,1.4569393158408666,3.07783406777205e-8
335.81521399857456,-1.323471867751412e-05,0.0428867383584689,0.10609369395918623,0.06561394226242646,-68.59406865696072,healthy,1.2369056032240298,2.65963929767178e-8
364.73328574828855,0.17208310165068386,0.026252159070880424,0.07574978589370984,0.05464341092336723,-68.62306839918844,healthy,1.4427343992771526,3.54760373080523e-8
491.76783074529874,-9.41684446518232e-07,0.03650454853237897,0.1179010993319144,0.09519819983079832,-72.20746344009775,healthy,1.6148823101775651,4.4188959522101e-8
353.3106731456111,0.17527071208772405,0.028185802285009443,0.07770649583446254,0.053557988467147544,-66.97542819343093,healthy,1.3784687597093976,2.86154355508232e-8
337.9190049466384,1.5026806323427611e-05,0.03235749493598883,0.08096493235746721,0.05064761877130243,-67.73803449052023,healthy,1.2511001317876427,2.8782282944272e-8
474.4887227947021,0.16066602746655195,0.021032549497183087,0.0714851916517158,0.060740765475994066,-68.52531352445064,healthy,1.6993943521038637,2.21400304974965e-8
347.30822293762856,5.271415732003216e-06,0.07520536724082921,0.18998294660537912,0.11998319177566315,-68.00355126625297,healthy,1.263094334723472,1.75132316254469e-8
449.2094762313456,0.16585490820606621,0.02272241111061935,0.0756192790792098,0.06291448716226879,-66.51418845902802,healthy,1.6639800836071712,2.04934804251522e-8
404.99008868446845,0.16785162660389646,0.026410620475593526,0.0768849256734927,0.05595563157330229,-68.05824700171964,healthy,1.4555683336660583,3.52631841980437e-8
384.4871319698246,0.12405767097683476,0.034696900249436766,0.09304386017078871,0.062377041272021254,-68.31813075351485,healthy,1.3408094023081945,3.28741916041919e-8
332.92816328599224,0.0001138870601632123,0.042733943746697575,0.0998438288045497,0.058318922128048435,-71.71257234808472,healthy,1.1682028388997623,2.17935086950043e-8
541.5409385328203,0.16016763055206523,0.01683384348754289,0.06686647944200803,0.06640085011300505,-66.67980664108197,healthy,1.9860728624300652,4.79123504582766e-8
362.2038278296414,0.00045911745059146994,0.06008845544151317,0.164040708313889,0.11195725446094436,-70.27325215236527,healthy,1.3649935508290547,3.09983862215256e-8
674.7243404958856,0.06656172648687214,0.015553059887685045,0.073257249583996,0.08626316389454011,-71.16077499538575,healthy,2.355075146402583,8.98205158349164e-8
358.08547771785436,9.163245719183746e-06,0.06031678285143602,0.1586656145095563,0.10434399862515122,-68.25893000235477,healthy,1.3152692087404558,3.08810427409361e-8
384.79492899063723,0.18008638338816885,0.027663839159659215,0.07465929288794024,0.05037270841510263,-68.3514959427747,healthy,1.3494022369247312,2.38052464150761e-8
357.2012173794847,9.602448098194023e-06,0.03841449589115866,0.09943165595471128,0.06434194941610277,-68.48646901230167,healthy,1.2941944655011872,1.71431250809226e-8
424.9113063622296,0.16831453101439128,0.02545472576488581,0.07573707950688403,0.056336348554822155,-69.57608086001497,healthy,1.48768209499553,3.16856294656118e-8
504.04817359157335,0.15103769140607606,0.017822358161517508,0.06914723580903147,0.06706941046603189,-70.27837096536855,healthy,1.9399014199573195,2.61279278021248e-8
410.61006551563764,-9.649330591519856e-06,0.028628364803747006,0.08762155172422482,0.06704483804080331,-67.89283723459269,healthy,1.5303275671678693,2.30032177002483e-8
421.44918018038925,0.16952940981029246,0.026059178989067004,0.07685879885591798,0.05667172941301056,-67.33684999069885,healthy,1.4746972436883699,2.52711149594931e-8
456.22420399335005,0.16084783779095646,0.02280717093726331,0.07400753513042714,0.06003720574493381,-69.78330784195677,healthy,1.6224619733416943,2.88744496103531e-8
353.3037569670209,-5.471145149750085e-06,0.032594506710932336,0.08445338917888377,0.054705345037541084,-69.94255869274562,healthy,1.295515681950139,3.19455760488906e-8
458.99136040596744,0.16207794810385778,0.020240423219215414,0.07099428065878985,0.062253983423060065,-68.54527392674753,healthy,1.7537746095988458,3.98484260926535e-8
362.38440203214066,0.2020325858941266,0.026257424645215716,0.06697383403143306,0.04270691533420465,-71.45039625805761,healthy,1.275331357442097,3.5468923064592e-8
452.41829994729164,9.48410130180448e-06,0.015671240545773804,0.05115236690722898,0.04174150464618779,-70.69684851237592,healthy,1.632045872750759,2.10112436874155e-8
381.29677690842675,0.17218234355847414,0.02790215706338671,0.07699460677763144,0.05311569155186438,-68.81409382240254,healthy,1.3797249904858429,1.66890784196316e-8
351.92793697094595,-1.4504524897274277e-05,0.03600609148762665,0.09012249239427085,0.05639367742918254,-70.99554529407713,healthy,1.2514895212278327,2.58656948348733e-8
431.27483842196267,0.16909132300684604,0.025635000687492956,0.07652044102865548,0.057103352235101754,-68.45867495970509,healthy,1.4924992973764377,3.63301170134105e-8
420.82466145686067,0.17113387416289116,0.02654718208170605,0.07676148483472356,0.055489180884587756,-65.85091024196501,healthy,1.445755798081875,2.48065691475605e-8
407.4781477153946,0.1696825586997278,0.02776095642052381,0.0770976121618589,0.053528791578898526,-70.16422408466933,healthy,1.3885979105687485,2.90533581234488e-8
562.1499036495652,0.14789360247476724,0.016950759506950984,0.06734479213026393,0.06688964328130348,-69.64706263865494,healthy,1.9864830275790268,3.88504425251665e-8
411.58782186092236,0.16739823151643168,0.024955854234326832,0.0762017226989466,0.058169743337216896,-70.2134338942509,healthy,1.5267304012805734,4.17236886837527e-8
407.83833375276333,0.009388088375376533,0.0398705811408769,0.11053771908787777,0.07661406360448099,-70.22583501291246,healthy,1.3862065202574902,0.000504241595928427
365.57117312974555,0.1422519507386371,0.0302596981281968,0.08057618602368137,0.05364000763174336,-68.53152295826759,healthy,1.3314109361289086,2.1763089148899e-8
431.5273553933269,0.16167010734647677,0.026197402182619733,0.07621799471141476,0.055436629530420244,-71.39122559596112,healthy,1.4546861207860606,3.55501880729743e-8
396.43632367500106,0.1654946305156857,0.026995804633846713,0.07769796185293837,0.05590658769003362,-66.95472102088945,healthy,1.4390747545180125,2.98768278876822e-8
464.7860079217552,0.1815634776982339,0.021860340889217785,0.07301876218061638,0.06097502844774025,-69.35259871150407,healthy,1.6701194768795111,3.01250795365014e-8
333.90223910455006,0.16989731224563073,0.03135833272260989,0.07828873467535119,0.04886361490648016,-68.00112015093634,healthy,1.2482923656668723,3.63741451741502e-8
420.9288988405569,1.9626654815677754e-06,0.030735821585802882,0.09432095854551578,0.07236217190509604,-68.54758110294753,healthy,1.534381605551149,5.66877638369188e-8
562.0866797512106,0.19701925285781305,0.014851550068938442,0.06467328898766465,0.07040736975377807,-69.10168977798729,healthy,2.1773245448273726,4.43418030391349e-8
478.49781352110654,8.8445950610107e-06,0.022152692609607175,0.07357037870858259,0.06108287510134243,-67.17781837059454,healthy,1.6605290382776448,4.70033287266667e-8
267.0525764790053,0.20726062406424212,0.03355437045946563,0.07152552432482637,0.03811649987683011,-69.77887251233295,healthy,1.0658153221982016,3.39935612336827e-8
529.2105666920486,0.02749554134646092,0.02107522331401978,0.08266642295597953,0.08106366902380666,-68.2250668303917,healthy,1.9612229423207987,0.00111908062790898
364.37238994921364,0.1819846415267893,0.028420005654651317,0.0738364292862489,0.04795757569501904,-69.123120529915,healthy,1.299022072399985,4.013484588047e-8
372.0425607131966,-0.0003160776428798228,0.027637323460428635,0.07072216940792639,0.04524339389200275,-70.38501534475424,healthy,1.2794684968171215,4.12714548318937e-8
328.90285944671183,0.11096643086186231,0.03618456035418818,0.08745350489095552,0.0528410145297451,-70.1483373465876,healthy,1.2084367480898965,2.87760935249182e-8
352.55006356865147,0.1893227152584712,0.031875548572007216,0.07588466625074662,0.04516379191858244,-69.53742796692137,healthy,1.190327220240968,2.92174602897142e-8
425.66859220175274,0.1704319243552651,0.024712791639774353,0.07684646942647042,0.059740113029247546,-66.33427058071089,healthy,1.5547913515118377,2.66479205417981e-8
531.5587798961639,0.11691411239713878,0.018577533724601303,0.07272720829728771,0.07117800060447191,-68.5152308493255,healthy,1.9573967507048229,2.50658292005191e-8
643.6773133843488,0.16483945756390223,0.012550327693341877,0.06059952064710791,0.07315151429487113,-67.0914029358176,healthy,2.4142604929454072,6.94143227954918e-8
370.3814692950674,0.18198514992278758,0.02741467896823717,0.07709043946479009,0.054194833575837174,-70.12609846942252,healthy,1.4060066060614387,2.94203338900815e-8
390.4511203654718,0.17771696761079336,0.026467023493093572,0.07505065984385385,0.053203957223105,-68.87216711561736,healthy,1.4178145091275172,3.93414202085049e-8
391.36081138711836,-2.762780066415657e-06,0.047506212481837,0.1307922438094292,0.09002302092197695,-68.07981143755975,healthy,1.3765804194497178,3.39555172512774e-8
404.7424457816481,0.17318169147162366,0.026134434622406937,0.07750866334357277,0.05746817350466576,-65.80271592447228,healthy,1.482883874539972,2.51983453056261e-8
501.92740780363135,0.07970181632779522,0.02054320246023257,0.07544867672016213,0.0692747738557688,-70.28346305410426,healthy,1.8363416528220298,4.53348291931761e-8
400.4454318588847,2.345466002928957e-06,0.026571622047419672,0.0771418487017884,0.055988911878523194,-68.21044664077911,healthy,1.4515833576911712,3.03537739358014e-8
427.153080798377,0.16316006942652467,0.025768181863133174,0.07741649416448822,0.05814645364342668,-67.63708724748341,healthy,1.5021722249494223,4.78118311936143e-8
540.951883076857,0.19259547207399386,0.016281740766287474,0.0623013062934779,0.05959824599821961,-68.69323824723031,healthy,1.9132262080501024,1.26295130024542e-7
403.1860323238982,0.16778543240083865,0.02670193773436813,0.07594030441042943,0.05399355180996902,-69.84425386970972,healthy,1.4219998781715095,3.48784640231099e-8
438.74256879745076,4.938365084113843e-06,0.05748173565739427,0.17505227965689474,0.13327407507193925,-67.17315652395877,healthy,1.5226774005246706,5.61255849017622e-8
393.22331350703286,0.17914970375044512,0.02495374797913575,0.07667593290844224,0.05890095840808802,-70.39140116010569,healthy,1.5363610503029903,4.57098688271285e-8
501.83066667074513,1.4122264288445022e-06,0.02224240677707329,0.08055812515559385,0.07294187622799878,-65.74847691170096,healthy,1.8109129547668916,2.09357418904741e-8
499.66103763481453,0.0051282020181386695,0.018538850142622982,0.06754172365976305,0.06151790170542103,-66.64891282564817,healthy,1.8216265609827855,0.000389243404944179
562.0807258744278,0.12762773107913183,0.020243544927849452,0.0749106172379151,0.06930111048936682,-71.32595643864182,healthy,1.850234667517621,2.30029517541228e-8
377.98911237272955,0.178194468704928,0.0268559289279673,0.07578024750226217,0.053457896828917925,-67.195781592672,healthy,1.4108662505311058,2.45213825874004e-8
349.0576048518614,4.1187363750173536e-06,0.044833826836570737,0.10920134922898883,0.06649518630709698,-69.54149368818932,healthy,1.2178455078913073,2.07727655729759e-8
352.67035622617243,-7.021538513933044e-06,0.036132034959980845,0.09421732797283018,0.06141990687883856,-68.22587926667134,healthy,1.3037921622347524,2.5775536186849e-8
451.5626704417174,0.17035656132692734,0.021339360713465438,0.07479404899614357,0.0655379259054788,-68.26052127108167,healthy,1.7524903862032633,6.54651224411658e-8
437.71898503326327,0.18675735851122116,0.02242030998867099,0.07556603913153427,0.06367247233550691,-67.94371337109901,healthy,1.6852139682662255,3.59740346651087e-8
462.200860746249,0.15999032210514583,0.02354357993336213,0.07613343815256082,0.06154863046885489,-69.01943557196631,healthy,1.6168619718846773,5.93360850761544e-8
382.90648540233883,0.1812748950628254,0.026346821897597617,0.07391296827057282,0.05183857563352692,-68.69844055254873,healthy,1.4026922973452147,3.95209068083126e-8
447.1038687420759,0.15888656915820645,0.02383792963665039,0.07441781169811283,0.058079820504012974,-70.1466801980796,healthy,1.5609118080392514,4.36803996312356e-8
328.2997133890335,0.16911894350816245,0.035730849009153895,0.08359006270905076,0.04888841699446439,-73.20874988614965,healthy,1.169718394987421,2.91414931854378e-8
433.08802802372156,0.16730079047794633,0.024682285319476208,0.07599024304696944,0.058488476285671914,-71.76895923114213,healthy,1.5393680541203236,1.88662144238442e-8
376.90709432380555,0.1217594535972399,0.029033944340849587,0.07769943587091825,0.051984000725013815,-70.72689790845735,healthy,1.3380792316529704,3.92861725393161e-8
289.23001518632714,0.2159978303053765,0.03298515593410038,0.07316457224142368,0.04057169414300438,-67.84656948522773,healthy,1.1090529992884681,1.99648747848395e-8
365.3082440787236,0.1968617051880608,0.02868288570809889,0.07651814716829981,0.051032407492531066,-68.61573132038485,healthy,1.3338641716006658,3.24696261071288e-8
321.02266140886127,-5.071458706537693e-07,0.026550211427440462,0.0602506380398805,0.03418183122697131,-69.36336485691638,healthy,1.1346545808974162,4.29613357313094e-8
402.958805169481,0.17445555719548067,0.02812843908776629,0.07523111783433474,0.05030248099569368,-70.62994386068169,healthy,1.3372785741789437,4.055086538263e-8
330.2270986968465,2.5964826875060353e-05,0.03885090705544654,0.09539846690816065,0.058562773550171,-68.52313084321719,healthy,1.2277508318147061,2.39717073603026e-8
444.0346853818856,0.16981781218609834,0.02142823320512838,0.0733453860384083,0.06276235657911904,-68.9185755555472,healthy,1.7114193535296853,5.7495359025289e-8
562.9169355804256,0.16064131435276563,0.017492045034437662,0.06933683636797332,0.06871118940144078,-71.69966657514986,healthy,1.981953403145991,5.32426353111901e-8
368.93086576234873,0.17103252856919895,0.02893657169166915,0.07524677002176482,0.04891799604873786,-72.81645979399337,healthy,1.3002018833390063,1.6092482975162e-8
357.40079941665186,0.12850521590142597,0.03186078898375674,0.08226012666303455,0.05309605203176467,-70.97235348859576,healthy,1.2909304710717049,2.06694350324613e-8
416.4533031711188,0.1779248685149501,0.027138005363408328,0.07477700357951322,0.051510788923621466,-68.2116417142121,healthy,1.3777173852345683,1.71590093329267e-8
347.84852589767416,0.16497852196584933,0.032323572473804726,0.07896416920844254,0.04822595045637913,-67.77184302425275,healthy,1.2214641384772014,2.49523473739967e-8
360.29769018779155,0.13457326928968286,0.030714279034604237,0.07973699273458437,0.051751076455285976,-70.0539375529853,healthy,1.298044350068395,2.62597408790301e-8
383.4158934096599,1.4155925933520698e-06,0.04721921036488656,0.13149898555819756,0.09155163263643765,-69.48906637190615,healthy,1.3924310099855421,1.9723383076902e-8
501.7589120230604,0.17508049726255945,0.021040632755803073,0.07118636930892863,0.06021086953753266,-72.10625125368489,healthy,1.6916404115578512,4.42630497582644e-8
440.5739406431964,-1.0250748904935925e-06,0.05292322168445179,0.18148581810467576,0.15558908322657924,-70.38197246385863,healthy,1.7146142310341825,5.56485504544078e-8
511.09770423018114,7.007165303541477e-06,0.019580204534001385,0.06876033867551226,0.060366889510282296,-69.322374276576,healthy,1.7558636467792936,9.21082518614437e-8
502.79573750256117,0.14192763501229375,0.021747963184353458,0.07449464906197585,0.0637927870741878,-70.59098344135992,healthy,1.7126810550141753,3.02807441046483e-8
400.6864389569781,0.15413742529812954,0.02625276809606917,0.07680231883648285,0.05617118314034064,-68.17535165430067,healthy,1.4627470626227501,3.96624953642916e-8
403.8125687855767,0.006967722328830636,0.037895936035935336,0.11489630236731166,0.08708824289668894,-68.6195354708601,healthy,1.5159449057856715,0.000532930738444136
399.7431796316581,0.1619268443026381,0.024821238586597315,0.07701282428580322,0.059736897131299344,-67.64374602108697,healthy,1.551349341756614,4.19499731762946e-8
636.2160368700054,0.1480859540956726,0.01442370510358947,0.06771837328191924,0.07948335824628282,-66.90865306671603,healthy,2.3474680325052852,8.54166077688233e-8
368.2461008063954,-4.5751276267623345e-07,0.02238310690622501,0.06252173493206248,0.043659793916142546,-66.97089502900057,healthy,1.3966277155803253,2.94214967895976e-8
369.98739525490515,-3.70980782076145e-06,0.03320095151536158,0.09059190283271837,0.06179712089769089,-70.61806314252954,healthy,1.3642967851509145,3.96702189500816e-8
399.20924168137714,0.17940208100396235,0.02728483439696005,0.07637531993640635,0.05344717701528674,-69.24269261794635,healthy,1.3995928805218576,3.41333416602757e-8
562.8756377359288,0.12572350359938025,0.01754495504968353,0.07021958252380052,0.0702593673773159,-67.13832259106658,healthy,2.001133155512619,5.93475611628282e-8
497.2204249557576,0.17064763819417644,0.02087732494174592,0.07351594806155783,0.064718476079552,-66.65290265198055,healthy,1.760664938316802,4.46092867364067e-8
316.7435555994624,0.18943359992781633,0.032607295008461046,0.07449859389569016,0.0425521381871359,-67.59277356308468,healthy,1.1423608409768278,1.42808928856843e-8
405.75410960155006,7.614290839350319e-05,0.12031017355014188,0.35123175808454976,0.25634521326083926,-70.18796785635271,healthy,1.4596926748599788,9.26943660059276e-5
299.86092696275205,-1.491490520895437e-06,0.03535477856811023,0.08097271001453765,0.04636275513978469,-66.11843888805126,healthy,1.1451452009315437,1.86267467837211e-8
352.4538220334753,0.1804480185734002,0.02868898598416856,0.0761068956754059,0.050474593041938305,-67.76484443329436,healthy,1.3264131349466999,2.29546108163643e-8
379.64313786595494,0.17893558819221617,0.028579776601686726,0.07477196854754145,0.0489056244070201,-68.11811709908254,healthy,1.3081272395797618,2.30423252484015e-8
416.95058644472454,0.1558311239120319,0.02689327401657393,0.07767226769707616,0.056082620932358704,-71.43357038208765,healthy,1.444083521575095,5.47553371579452e-8
300.57047995577796,6.9922946580404745e-06,0.03506822795280343,0.0808650833704584,0.04661742330772976,-66.73884911260264,healthy,1.152967915562923,3.98361691900528e-8
402.1080654071583,0.17262703617627417,0.026253222673678293,0.0765635908999324,0.05582156069328478,-66.97136450517183,healthy,1.458175094379855,2.50843302617846e-8
383.0224162386511,0.029216786464763323,0.027086311871785285,0.07857200930826777,0.05698044713471373,-67.97040797288601,healthy,1.4504006614151308,3.43835136737682e-8
320.31883912057276,0.116042457721447,0.03795023395034944,0.08673424496176972,0.049557199429458396,-69.21498083266317,healthy,1.1427366307575963,2.45406280191562e-8
402.49888624970805,0.17786539978551785,0.026117965425667126,0.07583809641425482,0.0550523057022435,-68.50211140676802,healthy,1.4518377518741528,3.08810045342317e-8
443.6693826449388,0.002634950099060414,0.03527438802559383,0.11756606942345231,0.0979590442054194,-68.84142037253251,healthy,1.6664508727713516,0.000365251728898349
581.4830538730946,0.12413726414721085,0.0160751246992922,0.06639803078757626,0.0685639858934041,-68.38667890285302,healthy,2.065241546477702,5.0173732634898e-8
359.08562818244815,0.18365570785410976,0.02991092008186927,0.07527656876501314,0.047361981757195956,-67.29677870739445,healthy,1.2583459244813169,2.2016858932464e-8
379.53126618629364,0.20100144267914172,0.026357689275658992,0.07300415684708743,0.05055077914090872,-70.65997507215108,healthy,1.3848739941423067,2.49849105168288e-8
429.5352181166588,-6.739914581348079e-06,0.03639449719494914,0.10897679461764007,0.08157786671375875,-66.91943423744253,healthy,1.4971603266546016,2.55896535574265e-8
413.365213670432,0.16858817684503724,0.025294255870532818,0.07649327745532972,0.05783152433705893,-68.45505989117645,healthy,1.5120681518929855,4.11654842996665e-8
459.932592164865,0.1621378492303258,0.022673553404315996,0.07370100916650911,0.05989178951464983,-69.80745100586256,healthy,1.6252637566831463,3.55722367091081e-8
381.67678176103243,0.17351014388991515,0.02718087320200784,0.07625849232642558,0.05348759041587682,-68.22885841627854,healthy,1.402796955043968,2.42282322237563e-8
480.5874206554223,0.15862329731010383,0.02035031148854463,0.07374474722415549,0.06680840912700341,-66.22293491926871,healthy,1.8118825175149542,3.23604141564821e-8
375.1363770742214,0.1748865379148983,0.026264303481659357,0.07636636887140773,0.05551091711490022,-68.87670237277305,healthy,1.453805331725914,1.77298167314018e-8
417.2593899360211,0.17328330809925846,0.0268279678751991,0.07369109757399517,0.05060370102314149,-73.35563554890288,healthy,1.373400660027596,2.45469396357637e-8
445.0008024976354,-2.66383475757426e-06,0.030761726871629397,0.10255757067980535,0.08548004593204228,-69.28831902735853,healthy,1.6669670579253317,5.24384740883184e-8
306.408127699799,0.21464588000623414,0.0334546444926872,0.07601718213815692,0.04318243451584773,-66.6071443793198,healthy,1.1361230001229485,1.39191820558586e-8
343.72665860421745,0.17705936054541754,0.032615741703751866,0.07483731853778686,0.042928843200903864,-68.73111905327853,healthy,1.14725765272384,2.85543889534895e-8
277.1834180911302,0.16736222971927986,0.03938336024278512,0.07762250494823816,0.03824745550719649,-68.43705884734935,healthy,0.9854733632392162,1.67213895392119e-8
413.29916602886374,0.1696833324265764,0.024567821678976427,0.07629690120807814,0.059236195316989204,-67.3672481722454,healthy,1.5527811583183249,2.6805164763397e-8
403.78925964142223,-2.453569061851303e-06,0.02910974064347574,0.08149947521052041,0.05704417415583296,-68.86932412854894,healthy,1.3998660484250414,4.23234262543183e-8
597.7418027272436,0.16496673091445835,0.0139753009124937,0.059673389978374354,0.06370012162542685,-68.57221214831957,healthy,2.1349590378060226,3.33203048881363e-8
403.52190109387584,0.16653721967645443,0.02621390257823485,0.0773279075482727,0.05702704192887919,-71.13135521905512,healthy,1.4749407746040324,1.77639054664975e-8
498.7089753939112,0.18072314057854394,0.016233509667303452,0.060738323485232046,0.05681371458488642,-67.63813879589594,healthy,1.8707699299174805,2.02834914161883e-8
380.3076169291813,0.18043609950776063,0.027233489509045982,0.07632438474169725,0.05347654497474186,-68.70393613151171,healthy,1.401296457369979,2.96160728307339e-8
605.0834007203009,0.09511806206718094,0.016259172862717983,0.06929281707301613,0.07382747170559067,-68.3481239791075,healthy,2.1308838296412795,5.727982490124e-8
414.63804157889393,0.16734659861568077,0.025642486615274573,0.07622616701137923,0.05664845052298434,-69.26340687676813,healthy,1.4863255688700105,1.8159755498531e-8
492.83490304135734,0.16770154491150607,0.02025801326566143,0.07247262763796626,0.06481733534124803,-67.2234885995373,healthy,1.788739761583921,2.29865229724705e-8
325.2246431218273,-3.2777870627227847e-06,0.033375925423076686,0.08161018211528964,0.04988791876528578,-68.32624833035132,healthy,1.222590551135145,2.79040225195238e-8
434.9757485425931,0.1722886690534906,0.020048726130712895,0.06776029424581313,0.057253730814915284,-71.38431225867932,healthy,1.689890265447097,2.32264775463408e-8
421.2192240982199,0.17257869896366354,0.024392727065452494,0.07487717182954139,0.057461706169082895,-69.20360701312394,healthy,1.5348257623804227,1.90901692155305e-8
372.32588309209706,0.0004639281478584601,0.03255359640522299,0.08858371579758276,0.06026273262428167,-69.76071157100985,healthy,1.3605826326361,4.04590939683125e-8
422.93220731951476,0.17234213316284483,0.025098054189001975,0.0749252414511018,0.055918595961971934,-69.2494651832856,healthy,1.4926504040288153,6.94215169936626e-8
398.2425009491156,0.18235127619084474,0.02478344228986539,0.07532799289046103,0.057238886012474184,-65.49764883412924,healthy,1.519724177324323,1.87892094189902e-8
471.4795738857705,2.4066875561144294e-06,0.02015667740699663,0.06700482979915692,0.05568436610062999,-70.69609200424843,healthy,1.662100068533585,4.00139860577899e-8
364.81940965244786,0.18725108959084397,0.029459253226688836,0.07449910418930387,0.047099942438294615,-70.14470243964001,healthy,1.2644431889707721,2.23544196085088e-8
349.9259929317466,8.069530496290546e-07,0.023963011067669453,0.05767895142874679,0.0347082992672015,-67.50450445808319,healthy,1.2034996617467324,2.37998585330214e-8
399.01558508490155,0.1638343832134291,0.026857754494198388,0.07711716283418504,0.055356980838428355,-70.06348453402714,healthy,1.435659165974641,2.45197158282526e-8
403.9029244412003,0.1791351829033967,0.02512487621390839,0.0754092948411009,0.05658298273808188,-66.25076938413174,healthy,1.5006898780133402,3.21016112425044e-8
402.48890801515216,0.17026441989707072,0.02608585810426587,0.07611567157587135,0.05552429439247077,-68.9557854175581,healthy,1.458945135552662,1.78511009853108e-8
396.58467798012214,0.18196665690468872,0.027246026863994823,0.07586061435742102,0.05280433032871182,-66.61531078111818,healthy,1.392140856648526,3.41819590527603e-8
340.5010780916456,0.2178100104947939,0.033647191331355575,0.08562206136514344,0.054470648977947206,-69.28511657718519,healthy,1.2723507962662082,1.95720499074473e-8
376.99376284071684,0.1898551084051057,0.028104633206556828,0.07612279784232144,0.05154559667043652,-67.93338557622418,healthy,1.3542748856185383,2.86980798791128e-8
390.49156417986103,0.1687861685399691,0.027622263956849167,0.07695430058723207,0.05359774626114298,-68.59172572474097,healthy,1.3929759832041324,1.6858186860975e-8
604.0957157358107,1.3443528846133336e-06,0.014590413430458058,0.059324383807318616,0.06030299502636435,-74.59999843049063,healthy,2.0329918713432975,2.25677123928504e-8
475.51448127546934,0.18139392582748656,0.022981109367711344,0.07567195260348136,0.062292950257538,-71.10353006535087,healthy,1.6463946842749269,4.05255707944193e-8
386.05261402512804,0.17909731592829908,0.02629336455939426,0.07679241056966693,0.05606998590632398,-65.70511305244041,healthy,1.4603001908751547,3.96012572129397e-8
514.5907826438203,0.167909990553336,0.02194426454755061,0.07665659629355892,0.06694498399092591,-68.73837325181682,healthy,1.7466203100006654,3.67544333503288e-8
432.04269787643807,2.2378855904290233e-06,0.018317354338401624,0.05593092866656036,0.04269542319964804,-70.77338083381896,healthy,1.5267196242773808,3.59519445776133e-8
440.9832607848114,0.16522979804024931,0.024244585906519584,0.07428171810288427,0.056896967281596156,-68.85698331032133,healthy,1.5319238363008967,4.29477449903635e-8
484.4137736034593,0.16057750365423049,0.021040070502075566,0.07359768222435098,0.06436074950725819,-67.75198041716243,healthy,1.7489884888239966,3.12995390351831e-8
553.4703249739009,0.1750513647253045,0.017428597361640215,0.06616816941692066,0.06280233792110336,-69.7350207510243,healthy,1.898264330856443,4.6277333281571e-8
408.995038380061,0.16170100970324783,0.02711101521055539,0.07640133846036838,0.05382650255995513,-71.42380274064239,healthy,1.409046062403121,3.43521836929544e-8
529.3912897077835,0.01988218631854756,2.6307566208169947e-09,9.957678573072018e-09,9.422703888684355e-09,-68.14437074511584,healthy,1.8925503207475747,5.16862694462494e-8
358.2735178745285,0.16304976836719315,0.029688701076830984,0.07624717435115128,0.04895491707004834,-70.04769821547828,healthy,1.2841109847452108,2.218165443744e-8
435.12292391645906,0.17196850805924205,0.025939939934117515,0.07716909663419524,0.057392861071214024,-67.05817347460666,healthy,1.4874571188327728,5.95384481735963e-8
410.28310608809704,0.17081740629636302,0.02675370107200158,0.07653002167231293,0.05472928961681141,-68.98031064423375,healthy,1.430269805780321,2.46150805905469e-8
284.3733667601082,0.17339779918239823,0.03343765057179604,0.08151876546925312,0.04968433046277089,-70.01444695958473,schizophrenic,1.2189667048260335,2.78525123233697e-8
263.95727414356986,0.19041867628648299,0.02914150802308981,0.07983268649434107,0.05467508603067145,-64.99210372645744,schizophrenic,1.3697418546611744,3.19586266392789e-8
226.5742233325409,0.16728865923458347,0.046430590909304646,0.09969641056864448,0.05351737984385579,-68.03974379803795,schizophrenic,1.0736069541241333,3.4742138445337e-8
279.7528552977003,0.20434064386398507,0.03159178188382795,0.07293704590389821,0.042098073834121126,-68.92867494220877,schizophrenic,1.1543673948514312,2.08454372850628e-8
248.63567287658725,0.14637954900534075,0.03404242456446887,0.07892365169742954,0.04574397150723598,-68.21465008813638,schizophrenic,1.1591955142320356,2.73577039981908e-8
264.19754450454406,0.17965674883503324,0.034642061959978314,0.07592480695310812,0.04160099013106165,-69.29359749211147,schizophrenic,1.0958471098057532,1.90099685389262e-8
361.9832749705137,0.15039430005247592,0.026295530485337386,0.07754696575904174,0.057172566853017005,-72.50936824832102,schizophrenic,1.4745275019700135,2.50439711931246e-8
240.98946553934192,0.24114430237426665,0.03422015651237942,0.07078504992072655,0.0366050582678308,-69.38151992653118,schizophrenic,1.0342595875492195,2.35694132036818e-8
207.19686886643007,0.1506392910123136,0.04054637636635332,0.07220125907768186,0.03214234094127629,-70.32823096959604,schizophrenic,0.8903540284995329,2.81315532753268e-8
215.46982295568742,-5.32474807546894e-06,0.04435230840621691,0.09412709068355742,0.049940518988346165,-67.81048329852236,schizophrenic,1.061129556340787,1.48480323042309e-8
311.7833558408778,-4.00513785359834e-06,0.028741797009681352,0.08220208119346475,0.058774875404110014,-67.02448814655048,schizophrenic,1.430009424354641,1.62015369863926e-8
300.7611770962152,0.17750161082100183,0.029627607258846566,0.07890614053558176,0.0525369713442004,-66.13891393382931,schizophrenic,1.3316320120994756,3.51445961806199e-8
301.5743760494645,-1.3985224241289665e-06,0.033975290904338505,0.08473367178654509,0.05283100558760133,-68.73487534412635,schizophrenic,1.2469896435195047,3.35724144373953e-8
305.4347280352021,0.18075145120055378,0.029434241381279286,0.0772455834964355,0.050679751623391917,-67.6258708222371,schizophrenic,1.312172148346332,3.87518921278189e-8
446.9913385312569,0.1624653242451041,0.017415497598841534,0.07089876710516663,0.07215750150841264,-68.44127558270722,schizophrenic,2.035507934894802,3.78137061111894e-8
207.90679697214975,0.19269253201444275,0.04245115436107853,0.08078393996679498,0.038432670764673965,-68.59674813439248,schizophrenic,0.9514928531703483,2.19386866772547e-8
391.635347497772,0.17060425890779818,0.022161370393629656,0.07612698816470007,0.06537635335825473,-67.97634009831343,schizophrenic,1.717560485036227,4.69849235140023e-8
193.76152960325112,2.892064839273167e-06,0.06675666732821356,0.11584233938586702,0.050255083617389104,-71.30897445294976,schizophrenic,0.8676462143947399,9.86484997438446e-9
272.1799896554813,0.21014364137115954,0.03286240156661572,0.0751856672336756,0.04300419543223265,-66.6566801756707,schizophrenic,1.1439466327691534,2.00394516708639e-8
283.0013326895297,0.1894223267376386,0.028897614836205496,0.07932975125643998,0.05444402133254917,-67.24644435927571,schizophrenic,1.372600328886809,3.6032395711967e-8
273.1045865155321,-4.373276742893867e-06,0.03272011703970089,0.07903762563979877,0.047730164436738276,-67.98994936741897,schizophrenic,1.2077833576190853,3.48602832162102e-8
234.2970640074461,0.13117495673994362,0.039480990658068135,0.07762730474113319,0.038157593951744714,-72.1820645116832,schizophrenic,0.9830972253639445,1.17945694762494e-8
271.28055809887496,0.2077204934661555,0.030276247511805042,0.07825336498606335,0.050564300688637154,-67.8969506518854,schizophrenic,1.2923227185857742,3.76741716894332e-8
250.424169776376,0.18907453303810615,0.03581435513298401,0.08100954808139411,0.045809472598236076,-65.5888180452747,schizophrenic,1.130964773490876,1.83877248532731e-8
338.2005789682286,0.1797870522322987,0.026019905967881382,0.07653548699532206,0.0562807642045455,-68.77144333888411,schizophrenic,1.470710291762707,1.78963478147287e-8
284.55236139963824,0.18710935470860554,0.031245117928308537,0.08000948745733215,0.05122014659916786,-66.51335245400813,schizophrenic,1.2803518239379468,6.14486614432452e-8
244.6361539807486,0.18961600961008931,0.034057431369737934,0.07906966142150798,0.04589315096489629,-71.69639345003641,schizophrenic,1.1608283161918973,2.36820269849123e-8
327.94638145086344,0.1842409757552354,0.027919232651093216,0.07547005464447683,0.051001841805789164,-68.66498693953068,schizophrenic,1.3515782397680205,1.66788712686738e-8
275.8288166271081,0.18669027762801926,0.03145780644957745,0.08009808889839935,0.050986579876916904,-68.82184950126374,schizophrenic,1.2731035303873715,2.96054518648101e-8
415.8077526745196,0.18180230236286263,0.02242238408884726,0.07444102645782859,0.06178498234328511,-71.57164799382217,schizophrenic,1.6599712627091925,4.15353947611089e-8
235.64471981395587,0.1651022749744137,0.035449470816705984,0.07700747967991128,0.04182115973828089,-66.45352843067793,schizophrenic,1.0861583812926847,1.85769912162517e-8
242.22183737336152,0.1922801347607903,0.033760682362704644,0.08005629711202922,0.04745913188627905,-69.075273687617,schizophrenic,1.1856439430333796,1.95062558543015e-8
345.05090960646646,6.739533158502718e-05,0.02591340885926635,0.07813234804655861,0.05889483553111938,-66.9930926389066,schizophrenic,1.5075659954830554,3.5939793937317e-8
297.3587673169724,0.1913674618551894,0.03178330648989511,0.07729559517485685,0.04699486690705753,-69.33838676143716,schizophrenic,1.215977878189475,1.46511278634835e-8
259.46803356485066,0.15673834990655147,0.040153651265633125,0.07708909088522065,0.03699992246157262,-74.48570357859037,schizophrenic,0.9599262888354063,2.00865670571096e-8
273.73426485326263,-1.1567529245535276e-05,0.0533364477950413,0.13154756537286308,0.08111133507627653,-67.90857441412724,schizophrenic,1.2331864120232345,3.49225572049462e-8
345.3763676112456,-6.336089512979961e-06,0.02381365343721603,0.06748729481585186,0.04781432397143093,-67.88008547181937,schizophrenic,1.4169874226518844,2.7654072892215e-8
261.89332315001684,0.16258735619520076,0.03508133377017073,0.08413383264876853,0.050443505387684,-69.69649130297043,schizophrenic,1.1991253411280873,2.29908307939173e-8
292.29018284606116,0.19471944956526877,0.029245493338466495,0.08134506780829756,0.0565644420847672,-65.56773750913109,schizophrenic,1.3907282545530644,3.18449945034955e-8
196.96489966162602,0.134513024138862,0.045709638152817346,0.0756739654228331,0.03132024926379329,-71.89485093728887,schizophrenic,0.8277681521984317,1.01873763636223e-8
322.8150063857234,0.1806285642469958,0.02788644830447799,0.07317775940163763,0.0480070499887222,-70.89145439825282,schizophrenic,1.3120666820429547,3.33969591411154e-8
229.92577960956697,0.22612212514655425,0.03602076660047045,0.07670980431661545,0.04084028904465754,-66.85041284078811,schizophrenic,1.0647997191099978,2.58551569694609e-8
391.59653204197343,0.2142923318427961,0.025052561025426738,0.07996892779050505,0.06381612448196883,-72.20501187821614,schizophrenic,1.596023011566397,3.21942737876713e-8
275.09964430860214,0.20318310946590523,0.03260410867853855,0.0724761211696614,0.04027704139675699,-68.21464520800609,schizophrenic,1.1114568701178504,2.47376493768664e-8
375.26060804809725,-1.6037116362459407e-06,0.026922362779707276,0.08463075892347116,0.06650944248995602,-68.57467911468555,schizophrenic,1.5717557856263191,1.72964494653765e-8
269.4633745086266,0.1995215331726701,0.03169278907667063,0.07800864020323145,0.048002622391765976,-69.95885373773729,schizophrenic,1.2307001446687817,3.2854485933415e-8
313.9396229539576,0.19753062627380902,0.025393305610506692,0.07605401800988056,0.056946245441298254,-67.56527330777847,schizophrenic,1.4975210233836702,4.10049132193069e-8
248.6852765948824,0.18011381696742657,0.03619599154302736,0.07768347930013028,0.041680878868866594,-67.37666929974142,schizophrenic,1.0730950581611416,2.22828267537902e-8
252.16380577853417,0.21345345006900157,0.03138143660733844,0.07861263679769986,0.04923250281379658,-66.7244383936128,schizophrenic,1.2525340662593594,1.48387498359092e-8
355.444251536114,0.18522655096733795,0.023756406908091603,0.07631770714346586,0.06129285929232833,-67.46462655126521,schizophrenic,1.6062552607118272,2.77207117444353e-8
229.0027186115735,-1.2192861890662808e-05,0.040556486495084206,0.07880516529379746,0.03828150940624181,-69.13574216989286,schizophrenic,0.9715482294472096,1.14817955782284e-8
216.59299335366762,0.20129752473420207,0.03687192479959624,0.07087671937569756,0.03406053099183741,-66.34494494234531,schizophrenic,0.9611204156132593,1.7860323581207e-8
379.85246616706354,0.1790374380384573,0.020879308065141024,0.07189084141336774,0.061882954442234336,-67.08796704026454,schizophrenic,1.7215810310637842,3.15405331406643e-8
274.63179507842864,3.7171450344102283e-06,0.05764717387784209,0.13174973735920467,0.0752768614945551,-69.20097027021053,schizophrenic,1.1427250331333716,1.61555634381836e-8
297.9781017701896,6.24260136802683e-06,0.0147101677405551,0.03577701644358894,0.02175357426543751,-67.78132808011202,schizophrenic,1.2160641902455582,2.23839904342882e-8
180.51506805501654,0.1279719820245722,0.059384821694130153,0.09660801114396765,0.03929079666713687,-71.60240893390653,schizophrenic,0.8134065943782803,2.21788830612187e-8
282.4532371466392,1.3828496967229142e-08,0.038312784869144904,0.08686761320173073,0.049239322129273344,-70.47207501039954,schizophrenic,1.1336635211773567,1.21542009775113e-8
196.99010360790578,0.162562755352782,0.04967193175809806,0.09527032502525654,0.04568190982897643,-64.76728737796847,schizophrenic,0.9589955700658302,1.32578799469653e-8
266.2794248603539,-1.1429522714240421e-06,0.026668016122087718,0.05899246705422609,0.03262439126716252,-66.89973730904212,schizophrenic,1.1060527859319413,1.74614146465157e-8
400.21124976154726,0.17388660896578806,0.021215794838522196,0.07401364208486619,0.06455119000208355,-68.15119637002897,schizophrenic,1.7443051897937205,4.38976046716122e-8
241.25168467542576,0.21541438272216423,0.03491975878880718,0.07119123632327343,0.036284558549561585,-69.06592763730876,schizophrenic,1.0193546403604072,1.8858793153915e-8
336.93111440173067,0.18071979302287206,0.02580313683788942,0.07839215453507926,0.05954053116933369,-70.77398590673403,schizophrenic,1.5190431114555023,1.80466929363395e-8
266.32001214526355,0.2501015817817962,0.03309168485972799,0.07288683776916537,0.040134637617483815,-74.91096506864459,schizophrenic,1.1012862910747012,3.1465617339338e-8
313.7877648847946,0.17291822814080746,0.026887183771428805,0.07723884966419024,0.055471037318037,-68.91888931194018,schizophrenic,1.4363506851592758,3.46381600443083e-8
210.11735947265578,4.902267644116161e-06,0.04698062041643706,0.08973871067566128,0.04285296853440732,-69.74182249326594,schizophrenic,0.955060936618288,1.40173650783104e-8
239.11953232929577,-3.6350521621473326e-05,0.03298381414586545,0.07158052935484302,0.03883550398432176,-67.31561409219701,schizophrenic,1.0850856883665727,1.99656869599864e-8
367.8235811750941,0.18635216980408748,0.025562336911956914,0.07793026066692615,0.059395249625771945,-64.84236576859927,schizophrenic,1.5243180022103902,3.64333893971896e-8
784.5475815921546,0.14208697009440266,0.00575448051430761,0.03767144693101771,0.06165360671341322,-69.97924972246685,schizophrenic,3.273227430117592,8.09215160517002e-8
302.7507269996658,4.5371962867160834e-07,0.08339389208129434,0.23995932668440462,0.17261599448644876,-68.77416592383483,schizophrenic,1.4387104420698256,2.23355104641861e-8
328.11936500363043,0.20408473654535406,0.028747247134373443,0.0776729319681953,0.052466626911573604,-70.37846475913224,schizophrenic,1.3509629566463914,3.23969307482623e-8
231.34559357877356,0.2117892357438905,0.036529034604732315,0.07631939287521516,0.039863151270406585,-67.83945886412604,schizophrenic,1.0446401568100574,1.27477030900623e-8
261.3060952150679,0.05427638559975809,2.281172304725123e-10,4.537198075817222e-10,2.2560950718801698e-10,-67.51882238918364,schizophrenic,0.9944882432640146,2.15088484250997e-8
343.49737744303854,0.17971699648065304,0.025609313923750168,0.07757744766865085,0.05875069910796118,-69.44275950383992,schizophrenic,1.5146334630367675,4.45397541795796e-8
255.76244474511927,0.2207202267717621,0.030169368465035616,0.07661400160955466,0.0486396098200685,-68.14871426012944,schizophrenic,1.269731610364092,2.18282496945844e-8
232.83863726391087,0.0006024812788363266,0.0507261613732227,0.1117211530129428,0.06151468928229963,-68.11702291959536,schizophrenic,1.1012182864670508,0.000136184728189498
246.77604534455253,0.0671378006340675,0.018412255971925837,0.04545500403359807,0.02805410421792963,-68.01548229167085,schizophrenic,1.2343681323707907,3.57666387533846e-8
305.60484218494696,0.19587380761527878,0.029196636822410083,0.07884940306852395,0.05323582645904683,-68.16834163406038,schizophrenic,1.3503165372801182,3.5663364217037e-8
261.08616777122955,1.334647685697412e-06,0.03864578247809967,0.07962168188693458,0.04101102254881778,-68.26217400840922,schizophrenic,1.0301471050826272,2.4098944694502e-8
286.048602653133,0.19768928612560577,0.02705683885720531,0.07682678917539942,0.05453663273591789,-67.88272367853762,schizophrenic,1.4197295844658557,2.98094323949506e-8
284.81210766329895,0.19656756022278793,0.02940938258946124,0.0792015836041401,0.053323890992287196,-68.07997891462462,schizophrenic,1.3465359798563357,4.18922076197536e-8
366.3306069162047,0.008290987793651361,9.103161669941887e-10,3.038523928241955e-09,2.5355552271977473e-09,-67.1639321584392,schizophrenic,1.6689387920435297,5.28102970183721e-8
205.8308623922764,0.22087365174646903,0.04177416959044472,0.0792024684783269,0.0375413268208642,-68.53190695800598,schizophrenic,0.9479837571258796,1.57643949464253e-8
301.4206473904702,0.20821595136235838,0.028777802727738954,0.07795333535636834,0.05279001450069942,-69.71471752775074,schizophrenic,1.354400405303165,1.61812662249883e-8
270.5943443857574,0.1832598564675848,0.032598227495596495,0.07388926036369771,0.04187054954009248,-66.56113391540471,schizophrenic,1.1333324852352629,2.02018501794822e-8
254.34058279635371,0.17255333976253898,0.03431008774944633,0.07959126609479643,0.04615821507681017,-70.62454341330304,schizophrenic,1.1598814126623855,1.91939033438743e-8
175.90776225945075,0.24307075305535264,0.03510323185229052,0.06436399371405092,0.029503862381207446,-64.57393253817244,schizophrenic,0.916781594140471,1.87602244361369e-8
309.8378678354662,4.349987660279839e-06,0.00598861943586511,0.017598384647752645,0.01292882047051954,-66.87060718051244,schizophrenic,1.4693190004993528,2.74914992944274e-8
329.14973307972775,0.16635350837815915,0.02619669082695545,0.07456467646255238,0.05305909640163585,-70.69459422471218,schizophrenic,1.4231697613087073,2.5138461660398e-8
262.4525014393447,0.17695810777910348,0.03243250722773723,0.07642676327053273,0.045024657691393466,-68.6183174626492,schizophrenic,1.1782432165030141,2.48685370844579e-8
192.2186203129004,0.20940919847722303,0.04275222692111234,0.07671313602692553,0.03441285789594413,-67.34781579405109,schizophrenic,0.8971829253301687,2.17841886069229e-8
342.6223331344959,0.1736300720032795,0.022980703419726963,0.07731410754463611,0.06502706984474216,-68.9167718391015,schizophrenic,1.6821527638329072,3.50967937753628e-8
282.2991410169839,0.10447636477457806,0.038083828176695145,0.09558440453298653,0.05997544645154985,-70.57743045437391,schizophrenic,1.254921171389462,2.99505748628892e-8
333.2754111950278,-5.684331157528948e-05,0.03088123460423061,0.08009976380462731,0.05194070317931947,-65.51061267784084,schizophrenic,1.2969002831521177,2.13250705945708e-8
283.1804095117473,0.1673113283744487,0.030197764372089528,0.08275376315227345,0.0566944727387837,-68.91044583165973,schizophrenic,1.3701968485580862,2.67088980096947e-8
252.46911924152312,0.17386122427793071,0.03328294809538909,0.07395140031865657,0.04107816406029124,-67.38159462316227,schizophrenic,1.1109502695901743,2.79819735903894e-8
270.179151618154,0.18845613302855346,0.03500549044802134,0.08478435891537872,0.0513375717972413,-68.2672344319227,schizophrenic,1.2110151554835749,1.88126062384577e-8
437.6333421706562,0.16590883129165607,0.020711665903253688,0.07382062545816744,0.06577796262852713,-69.74922517563928,schizophrenic,1.782102555221563,5.02736138065355e-8
250.19326926515484,0.218355570512637,0.03549508369371859,0.07431778459991212,0.038900690835787066,-66.76352462711337,schizophrenic,1.0468743395731703,1.31190361833164e-8
454.7683841711419,0.15907860697117054,0.018542759704735196,0.0745258553045163,0.07488236914717947,-67.29782752211092,schizophrenic,2.0095675209954025,2.51128362079149e-8
339.7140239814802,0.17447556415321816,0.026432612596943145,0.07757110161562067,0.05691147426112571,-67.93913407354975,schizophrenic,1.4673370127739764,1.76169224892129e-8
255.7065289438396,0.21657794844591532,0.03489320002880142,0.07524820048786743,0.04056873310550871,-67.96605150920328,schizophrenic,1.0782645390184382,1.88731474166642e-8
290.4663522789955,0.16855036132708145,0.03128651255781459,0.08246238687997043,0.05433687469461533,-65.97307375810915,schizophrenic,1.3178584018846387,2.57794475253355e-8
387.7292695644078,0.18124304099449945,0.023335115855996742,0.07600465004938556,0.06188855955095945,-70.63893585774365,schizophrenic,1.628546661572576,5.27969935529532e-8
209.56730327529473,-4.6793973507681746e-06,0.04408225321361032,0.07589379000316282,0.03266545458289907,-69.55235683351071,schizophrenic,0.8608202220903122,1.49389938121265e-8
256.598553188355,0.21871552598716845,0.03311329264263342,0.07055435712350455,0.03758246999802991,-72.60878627549008,schizophrenic,1.0653479538405326,2.43572578975882e-8
309.6219170144356,0.18751147828304746,0.02897418192904324,0.07604128770602349,0.04989163671774095,-68.71323460045089,schizophrenic,1.3122249299781086,1.60715939607243e-8
225.66268330451038,0.20644462076312559,0.03610761772808663,0.074258043343303,0.038179318853861666,-70.1256460202948,schizophrenic,1.0282877688374985,1.82383815222034e-8
201.03000457947195,0.20961857560365843,0.039185737336498806,0.07046294337619001,0.031676234305610396,-69.64843116244853,schizophrenic,0.8990891605675957,3.36114388930653e-8
246.2757066985658,0.0720706613749388,0.046557871780674935,0.09012716256032943,0.04361725053413888,-73.37393022553641,schizophrenic,0.9679046648105066,2.44992415513496e-8
352.98005367284,0.1865109290602163,0.023759473479126766,0.07456889083553449,0.058508445960796455,-66.57828324073515,schizophrenic,1.569245440161899,1.95989733407532e-8
284.79476111226063,0.1924307427793332,0.03013979035417155,0.07536860170439222,0.04711733273626693,-68.94015085976366,schizophrenic,1.250317285202362,3.09001012837695e-8
399.4105605486293,0.1849402182128332,0.02057239902054418,0.07399630868239182,0.06653883308835148,-67.29900554059363,schizophrenic,1.798436551043391,5.06139459899812e-8
319.3957924367925,0.17809341946549007,0.030178345811116614,0.07839503798561304,0.05091218401458766,-69.1533476910792,schizophrenic,1.2988624107543882,4.36435126102992e-8
259.2811840403142,0.19533986931346942,0.03283122170156269,0.07873845797312072,0.04720921460325834,-66.638645451028,schizophrenic,1.1991399328489343,2.83669789409984e-8
287.9817808236833,0.19327279606105502,0.033043933257413644,0.0758834704897415,0.04356549391918678,-68.7056167354212,schizophrenic,1.148220913936093,1.99293620058069e-8
301.85333668754396,0.17778285403860844,0.03238637450463511,0.0777955509645875,0.04671831783006119,-69.04791245903496,schizophrenic,1.2010537171033682,2.87566172151251e-8
267.62026128813716,2.4234183695117184e-06,0.03498664313360625,0.08023037187229665,0.045995499955410614,-67.06769383437924,schizophrenic,1.1465857351034594,2.97613660428599e-8
281.9098439414141,8.609726230611702e-06,0.0380457551976071,0.102206144352122,0.06864166507584407,-68.94404720615526,schizophrenic,1.3432003625801374,1.73092768053173e-8
347.0689506804039,0.18938162538508763,0.02436292081007359,0.0769761465553412,0.06080271721832468,-69.26251567912236,schizophrenic,1.5797807486923543,2.70306057765629e-8
268.9838774335122,-3.7635699633944245e-05,0.028393885184218415,0.07410683923378977,0.04835392889694412,-66.95219848265154,schizophrenic,1.3049788493717485,4.33904678212634e-8
217.24556955548806,0.20972983325990388,0.03855183127501641,0.07411509079307461,0.03562117869369201,-68.18002924824353,schizophrenic,0.9612395616742732,1.20788370333399e-8
293.29782545382653,0.18728739026917418,0.03327087241896934,0.07484918616716024,0.0420968873263751,-70.40817212578844,schizophrenic,1.1248455589713526,1.39960648294345e-8
225.39117589896074,-5.068560812735465e-06,0.03172030358161484,0.06146466167050304,0.029775129867129397,-69.17670753894254,schizophrenic,0.9688536163022112,1.0380488734736e-8
297.14511369311623,0.17008013921400722,0.032069741949105834,0.08186001467148776,0.05223819708816703,-69.5337643032021,schizophrenic,1.2762811562593532,2.05347616774659e-8
236.24170072490813,2.9218673755216897e-07,0.039516163604073534,0.07657606226417867,0.037098068088287854,-67.40648336237382,schizophrenic,0.9689207564709648,1.66651933770927e-8
364.4770286297432,0.18771428352704356,0.02493070881952447,0.07694908680105635,0.0593761894455178,-65.36824518742523,schizophrenic,1.54325910583003,1.86782209314104e-8
216.1282565492132,0.18983487080756772,0.039108787793684645,0.07910540509323474,0.04000165607264918,-67.59632082932654,schizophrenic,1.011350767384419,2.91656328723057e-8
277.34482300727507,5.289906076419882e-06,0.019014449226658743,0.05000741075387705,0.032879484181967206,-67.61868465019933,schizophrenic,1.3149844667539827,1.73169493402792e-8
218.7485987486689,0.20751828828769361,0.04013996802602262,0.07501223747768851,0.03504509375643546,-64.1895103700646,schizophrenic,0.934383373562459,1.16009381722938e-8
418.4081049246572,0.16837085309602906,0.02292439369271064,0.07467679539111578,0.06081538997975546,-72.40758776912001,schizophrenic,1.6287627143408607,4.54210613753879e-8
202.29975181502942,1.2066049090605268e-06,0.03918664244311564,0.07268229622127062,0.033702276175262155,-68.90209770355304,schizophrenic,0.9273861153935062,2.05822432964432e-8
262.56802527544403,2.5755076648097953e-06,0.07800248503561472,0.16999795739158002,0.09262302830517033,-69.68187842367267,schizophrenic,1.0896957790124353,2.06800849579773e-8
253.60977479011765,0.18929764113796482,0.032606206964864416,0.07304398764397327,0.04090804042833189,-68.93344967144108,schizophrenic,1.1200932957746899,2.47360574507807e-8
264.93692597320006,0.2349853804285124,0.03302340105521957,0.07342200143810043,0.04081038084298386,-66.51911320922746,schizophrenic,1.1116662592585325,1.41009487947377e-8
344.3204990324568,4.880281380372476e-06,0.031203444141342955,0.08631119326326404,0.05968589596058528,-67.68448035156418,schizophrenic,1.3830395271800486,2.98467877583271e-8
235.65507193655904,-7.408846203104348e-05,0.061761834580915845,0.12853892403604997,0.06687890306552982,-70.05794299250833,schizophrenic,1.040601569790221,2.61180392133026e-8
369.8166545910318,3.074982002104103e-06,0.023763548001196066,0.08370907651181728,0.07371804801737303,-65.35869736010677,schizophrenic,1.7612916326216108,3.91912257617677e-8
308.1158804066752,0.17443084610984708,0.025239285513628577,0.07329127694298293,0.05320684764464201,-66.51095590509522,schizophrenic,1.4519285203895231,2.6092042408535e-8
296.6376671647627,0.12038809678954447,0.03638900336986251,0.09606206896107468,0.06339773172191966,-70.81597449640495,schizophrenic,1.3199326728556902,7.23893975648839e-8
489.8137938196794,2.9368510962884345e-06,0.019249700925640073,0.09166768573903966,0.10913110600018233,-67.70965904594722,schizophrenic,2.381015842613451,5.92545593969321e-8
268.6763211016032,0.17197884312792666,0.03587154275478378,0.0789377326653159,0.043426942081476974,-70.01810749447066,schizophrenic,1.1002834921950613,1.29813565725617e-8
259.36395595630717,0.18935969247220083,0.03497392082727294,0.07680736286102885,0.0421697857297814,-68.07215247789534,schizophrenic,1.0980662311263347,2.30614409153114e-8
251.98881897186536,0.003252788338065839,0.06077109428722594,0.13922446575860878,0.07973961020564456,-67.43942889084973,schizophrenic,1.1454826294601848,0.000330659843327715
212.759128564032,0.19782779031348063,0.04040075094619788,0.0698115442300382,0.030158175242044855,-66.67147165349486,schizophrenic,0.8639882006525942,1.63003036468235e-8
253.16485100582702,0.20105588667201396,0.03579197806195203,0.07481092068277337,0.0390916774962603,-68.06007413864043,schizophrenic,1.0450794386563909,1.83992208210133e-8
273.8077422275249,2.9040593761038842e-06,0.04644200476466308,0.10495209430868205,0.05929407093640138,-65.6903028773203,schizophrenic,1.1299263978860177,1.41799328284767e-8
286.3294475185834,-1.079047199691719e-06,0.016847092377288063,0.0420694375797666,0.026263249744267976,-68.35314824325602,schizophrenic,1.2485667151822986,2.39373356147278e-8
227.79124277636507,-2.5478167415358284e-06,0.03416830245853256,0.07102261288759838,0.0369070979418968,-71.25580996994593,schizophrenic,1.0393055518896948,2.36051823093576e-8
204.65980692455037,0.222084564431448,0.03681187110658956,0.07268013547771189,0.03587431129052941,-68.83254849524303,schizophrenic,0.9871833907500247,1.78894603340289e-8
253.43046560830817,0.18145384475444168,0.031121910541457194,0.07310987676953293,0.042936423152237085,-70.79331132781392,schizophrenic,1.1745724394417234,3.95870285587162e-8
264.94682437370574,1.6321606881593107e-06,0.04642250433731972,0.10837992839403028,0.06325708320981399,-71.90593304720882,schizophrenic,1.1673210002470946,2.45706810339947e-8
292.26988877553913,-5.746014714164749e-06,0.03679400876527425,0.10313669899259399,0.07227520889982628,-69.78023080280745,schizophrenic,1.4015420234656952,2.53117995529329e-8
218.00759626073116,-4.3399752098018625e-06,0.050619767680938815,0.10594865645704328,0.05543841032521899,-68.16007376967251,schizophrenic,1.046514645472572,1.30096311807195e-8
359.18030343041676,0.1831388749721362,0.023362914852474412,0.07804358597795422,0.06517595675409987,-68.5627799680225,schizophrenic,1.670245054411275,1.1275040159006e-7
224.61969507974234,0.14413743329870654,0.04082140575091902,0.08635407578417752,0.045668603685773336,-65.22921616071878,schizophrenic,1.0577058064963063,1.97579920117468e-8
315.0343444342877,0.1894557788668968,0.028621091027702508,0.0799830481048582,0.05587914152147532,-65.50908102311523,schizophrenic,1.397274618697138,2.30090637476157e-8
309.3507910092361,0.18815989461962482,0.026980274159908824,0.07837382819983234,0.05691618356332517,-67.70351151560268,schizophrenic,1.4524283136509313,3.45186475532325e-8
474.1153336752807,2.236112574843804e-06,0.02191992117533058,0.0923755871491984,0.09732299027109137,-64.90305458529376,schizophrenic,2.1071149483229212,3.00431969036398e-8
272.58493259258364,0.2094703211390772,0.02884238785575645,0.06718856347124005,0.039129068334297745,-64.93058930452571,schizophrenic,1.1647538304951814,1.61450324306211e-8
273.55700767777836,-2.7408999719018524e-07,0.0420406644802321,0.10588828045054532,0.06667549190406756,-65.86914177296343,schizophrenic,1.2593554569092853,2.71316488683915e-8
296.32841257706735,0.19213466844792304,0.03428452186662466,0.08147361103304789,0.04840339702408321,-70.2082116944773,schizophrenic,1.188198151778236,1.35822599224011e-8
287.92199583648824,0.16903161897521768,0.031240358710210317,0.08394405328833562,0.05639023024543477,-69.29622357430986,schizophrenic,1.3435193569160284,2.58175335378376e-8
261.08724649209614,0.18316618583094757,0.034999581945461065,0.0746999067142746,0.03985816224759924,-67.97863765705068,schizophrenic,1.067154271023544,2.30445326458972e-8
254.1558310937918,1.5243555209765212e-06,0.03777094255879255,0.09309260098037714,0.05736044542575455,-69.87005965835513,schizophrenic,1.2323309225798824,3.01986783913603e-8
240.05310197895787,0.20725797881863783,0.03724925276242626,0.07421397750309597,0.03696526808173807,-69.13154725498526,schizophrenic,0.9961807553084185,1.76794018441895e-8
286.7550083675648,-6.169212088553098e-06,0.019086304456568084,0.05348327595673627,0.037467452297713505,-67.69844539879723,schizophrenic,1.4010904017181627,2.98809166925711e-8
286.4937935072034,4.050032457432614e-07,0.03671262201892455,0.08393354421609454,0.04797287320586665,-68.25609441184228,schizophrenic,1.1431156316324758,2.83621881426345e-8
299.0320794357023,0.18217884932547337,0.028668426750378274,0.08065183234636861,0.056723709653346464,-70.42008623676234,schizophrenic,1.4066316412934035,2.81337031765892e-8
272.3722464081818,0.16306171688691035,0.03587073824414625,0.08770561415630078,0.0536110708272725,-67.38199784263817,schizophrenic,1.2225231267802728,1.29816477190494e-8
243.34521336665003,-9.000766539443848e-06,0.05502234634509812,0.10873813135372365,0.053723541414156056,-67.14047052908491,schizophrenic,0.9881269936374769,2.93171433902977e-8
218.47599125485203,-0.0005775723847758642,0.035879403357396436,0.07117812733630291,0.03530107343645769,-68.72051865623715,schizophrenic,0.9919079008546242,1.835438848921e-8
219.56605615714443,0.1782165018311133,0.03808350222297179,0.07956270605203958,0.04155489795332488,-69.5777303243988,schizophrenic,1.044582317905202,1.22273756384426e-8
223.97265874599313,0.18663511716933873,0.03854974410931224,0.07887202353898333,0.04034265493108179,-70.05630823302002,schizophrenic,1.022990234582785,2.95885893207779e-8
230.22670391373447,0.013223138190007956,0.0452296329747647,0.094522821481353,0.04938445877827851,-67.78943550351468,schizophrenic,1.0449213852132164,2.52187000391518e-8
255.04347474481185,0.14658113008063206,0.0411444284881822,0.09029481966043613,0.04953984510838753,-72.37194290827847,schizophrenic,1.0972909696190247,3.92057461178053e-8
538.8597193606486,0.13356845161677838,0.012233523304428411,0.06507714501521364,0.08654568880001452,-68.61317015435488,schizophrenic,2.659787511568984,3.80643642652951e-8
437.6423383659446,0.16805185597367994,0.021273733563035493,0.07631180921775775,0.06843523973862019,-72.11918042650768,schizophrenic,1.7935687920420917,3.09557561220464e-8
239.43177026286764,-1.4532456218906752e-06,0.053522218567027255,0.11702807991921305,0.06397143025950247,-70.72677856871914,schizophrenic,1.09326633921813,3.48013441725761e-8
190.44599755624577,-1.7675207248565848e-07,0.03046800151258291,0.05335581853899962,0.023359288685138615,-67.69722985771354,schizophrenic,0.8756041730693154,1.52836177034922e-8
244.5405000224584,0.22705339788643059,0.03236462947128818,0.06843378599937541,0.036175163617761574,-69.97455810967017,schizophrenic,1.057231105643979,2.4920693420898e-8
325.5502286999123,0.19200929625074514,0.028648610393202198,0.07918938611930927,0.05472306324708372,-65.82332605555165,schizophrenic,1.3820807542221925,3.25084729008868e-8
275.5267240220965,0.19433526850777688,0.031962949155498,0.07808916480772592,0.04769520508497313,-66.33305325936679,schizophrenic,1.2215575669789793,2.91375670650616e-8
282.0428641255648,7.036667288865884e-06,0.016307069566980928,0.04100566267415562,0.025778150458610326,-67.60121177779038,schizophrenic,1.2572971037415939,1.42778960191175e-8
471.19845403862047,0.18251456102646854,0.01596505262832749,0.07040042267391253,0.07761044745745947,-67.89901862482688,schizophrenic,2.2048290197615126,8.24982570761132e-8
401.9034373241616,0.17482712671861653,0.020675804687955598,0.07395928912184245,0.06613982538965876,-68.4479261730991,schizophrenic,1.788546812035964,3.90093164888899e-8
190.43807722319104,8.922186925378199e-07,0.03529821086969581,0.06234692155883236,0.02753070575030462,-66.22555161796681,schizophrenic,0.8831456329187265,2.28495719432446e-8
321.8838329693104,0.18985187127773276,0.030766974598262564,0.07616073524874163,0.04713217394111667,-67.84102305630515,schizophrenic,1.2377027030314915,1.51351016272505e-8
223.21358909270563,0.18628841183361172,0.038235295409700616,0.07579105768647998,0.03755878151119217,-66.59839662552832,schizophrenic,0.9911137977928522,1.72234711652219e-8
315.3794415736113,-6.092039867971569e-06,0.037493682433328464,0.11072069468958741,0.08174091898244461,-65.12121669364495,schizophrenic,1.4765246770102103,2.48394533204777e-8
253.43353694178086,7.943632836577743e-07,0.05235484997868605,0.1203179720519552,0.06912642479440065,-69.23280252078911,schizophrenic,1.1490623323430142,2.51569628506553e-8
243.85573377973907,2.346766817602409e-06,0.037263811107055025,0.07702250610790592,0.03980045432080909,-66.33994240043079,schizophrenic,1.033475962598516,1.76724947990636e-8
302.27654461517733,0.225364788678181,0.03169334538753981,0.08142933189183432,0.052303851260187384,-71.24905191977128,schizophrenic,1.284643998545009,3.88732696514532e-8
309.1162512374222,0.1877006468593886,0.026363651575953048,0.07690000659887507,0.05607731347334475,-67.5180017577338,schizophrenic,1.4584475594613286,3.9495677975805e-8
190.30685813855564,0.23087019558307198,0.04022039673898018,0.07230894863752751,0.032499580293779376,-68.19325097529092,schizophrenic,0.8989089429772861,1.63733966190463e-8
255.12641998911198,0.18497025829738703,0.034296280093910246,0.07979297157036933,0.04641114353069665,-69.1739428185305,schizophrenic,1.1632890119843873,2.7155206689044e-8
251.93419696022306,-7.985881856857166e-06,0.036929502768386455,0.07994544199535424,0.04326671913183603,-68.55813087206977,schizophrenic,1.0824061522944688,2.18402347248872e-8
243.4216508814582,-7.40750770935047e-06,0.014356859641475065,0.03157395354634782,0.01735955089487287,-67.49622537609798,schizophrenic,1.099612113471349,2.29348382734157e-8
326.36955143398166,0.187232751733727,0.027959711275128273,0.07940445131278473,0.056376359060376954,-66.04876083043219,schizophrenic,1.419979815446439,4.07955767370951e-8
395.84607361657567,0.1837375909333969,0.02017289249590811,0.07342572534492862,0.06681413118523388,-65.56921998540122,schizophrenic,1.819910688559471,5.65428357437033e-8
218.69099157380342,0.14728187302267182,0.033487833165595116,0.06694502921549908,0.033457203057171786,-71.87161649593801,schizophrenic,0.9995425634805982,3.40611033634564e-8
426.0032423507019,0.1747985995337474,0.019916182690321076,0.07373734779708929,0.068250986455242,-67.60081134004828,schizophrenic,1.8511917907070712,6.1860446881983e-8
397.52018672628066,0.1638534603387315,0.02111099984289501,0.07640644473998784,0.06913392119333504,-69.85354937563784,schizophrenic,1.8096358606554281,1.35973141086753e-7
311.3468154564232,2.695136836893287e-06,0.055919160036712226,0.16839355617783947,0.1267740330130252,-70.18313940152365,schizophrenic,1.5056874608567545,1.66548026473224e-8
286.5851941955908,0.19992657968468658,0.033550777763167686,0.07245788721415791,0.03912089204458982,-70.01595171058659,schizophrenic,1.0798242551280401,2.4039651611903e-8
284.54809575574774,0.1700006951805531,0.03271639522546708,0.08281827277485947,0.05241153753448942,-69.55300021584837,schizophrenic,1.2656998456601374,2.8466540038938e-8
340.6291208176559,0.16238892179509867,0.023202444307432638,0.07733106078408465,0.06443386828943008,-67.0199463187097,schizophrenic,1.6664421161720564,6.65629771126708e-8
254.01989906871674,1.511757264871e-06,0.04217825874406325,0.104542780572917,0.06477977810935237,-66.50850923992077,schizophrenic,1.2392970180120555,2.70431397794976e-8
369.0550712015963,0.17542423990609868,0.027505520436777946,0.07736879325153041,0.05440662523507652,-69.10407413991715,schizophrenic,1.4064230020545205,4.47918796606053e-8
243.19089818572576,0.23214468167170968,0.03733898560632415,0.0765768258235505,0.03926198153209337,-68.27354489632246,schizophrenic,1.0254272388505996,2.49423641133341e-8
266.4909736478996,0.1588072205841707,0.03439606479380239,0.08563018966302631,0.05329482766184829,-70.15007851174418,schizophrenic,1.2447672455608276,3.31617164262652e-8
238.51139828003681,0.16339416501559784,0.0339738019253074,0.0786272646379647,0.045492750252388754,-67.13696322350796,schizophrenic,1.1571749433700342,1.3706481492166e-8
303.06436423659136,0.20407082719652103,0.027893205850600608,0.07453243729994745,0.049788864711574427,-68.20528225563874,schizophrenic,1.3360321093809047,2.89156080894719e-8
284.75512663310525,0.2061132668056706,0.031889154099583095,0.08082530441140914,0.05121435498725224,-70.8492433428373,schizophrenic,1.2672851741223488,1.46024973209881e-8
320.7803301367136,0.19305638613191795,0.025475760846055732,0.07596199486612167,0.0566246548916523,-69.57193272866662,schizophrenic,1.490868031874354,1.8278601770586e-8
256.86862520580746,0.2046969449592511,0.036539903612192295,0.06915663575670497,0.0327220367077661,-68.33967206923394,schizophrenic,0.9463166144427024,1.27439112114232e-8
339.6880549530221,0.1854674498802503,0.02745848203847795,0.07781392595745386,0.05512874914595742,-74.5894855298099,schizophrenic,1.4169378672938318,2.39832816344287e-8
245.50478627228802,-1.8161197153405611e-06,0.037419380620907605,0.08631949542843449,0.04978072303297522,-67.88387203697715,schizophrenic,1.1534062562783918,2.48887757937691e-8
258.49965179687814,0.187847312007332,0.03496252468657407,0.07704927003902381,0.042449666226664975,-70.05076588929577,schizophrenic,1.1018836701545676,2.30689578617489e-8
374.9312970723053,0.18048694041605035,0.020266539421540643,0.07333357016501169,0.06633856428679175,-68.94048589661165,schizophrenic,1.8092277285156002,2.29768525164589e-8
241.98578372223193,0.21435024466030506,0.03122352643524571,0.07245307495607844,0.042031191459730874,-68.63672382446336,schizophrenic,1.1602320946408544,1.49137954764165e-8
361.5463586288655,2.340535313709407e-06,0.030051130388718726,0.0892420095518828,0.06625488097985242,-69.53035766669929,schizophrenic,1.4848361508787784,2.19141343258734e-8
233.35355508856927,-5.093995294913474e-08,0.0519482461842945,0.1085149555190626,0.056669360547460704,-67.36330622568002,schizophrenic,1.0444525416131363,2.53538687580108e-8
222.44955775602017,4.450900595975937e-06,0.03682658308102084,0.06987446854338639,0.03314481650034578,-69.17864422813484,schizophrenic,0.9486960599855013,2.19012718872254e-8
246.3586116481077,0.18923572570109057,0.03389157999906569,0.07689142300117802,0.04361179776296265,-68.80381431872489,schizophrenic,1.1343735376647788,2.74794676034919e-8
345.07356758555466,0.19883191798812144,0.023772387193153145,0.07334701700977403,0.05657598520208305,-69.22108195098721,schizophrenic,1.5426935547915699,3.3927977118227e-8
273.35647122817835,0.21359540121248483,0.030628386685828835,0.0740761821077669,0.04478917557712814,-70.90376668386935,schizophrenic,1.2092733265320912,1.52035852258321e-8
321.3906719073558,0.1727779443555446,0.02631532999176268,0.0766673461235087,0.055840853634191584,-66.89334982156868,schizophrenic,1.4567050108721302,3.53908757711571e-8
251.73220711706043,0.19211724044453732,0.033887498226596965,0.06834808705279136,0.03446301179080181,-71.30224517480525,schizophrenic,1.0084557820669635,1.37413887621323e-8
315.50484574235026,0.17955391067635054,0.02970400721667933,0.07847463758455855,0.051830285886224084,-69.04771683209825,schizophrenic,1.3209436190227837,1.56767160710311e-8
344.70108170092385,0.1654940191130223,0.031209232779047025,0.08828355423849388,0.0624333350659436,-70.84507741770832,schizophrenic,1.4143820013698782,1.49206259123541e-8
260.4328667796059,0.16576499002561018,0.033202468662391994,0.07972332287989915,0.0478564431130071,-64.38295087124779,schizophrenic,1.200563182372652,1.9834203133475e-8
307.8418852092756,0.18965715974657266,0.030186869847282163,0.07481359083294817,0.04635354213301876,-67.38153660443197,schizophrenic,1.239174369708357,3.08519094337079e-8
287.7231623952452,0.17146922324000874,0.033276245300811316,0.08386712940005826,0.052843216912115305,-69.92424899089045,schizophrenic,1.2601651514753902,2.42379812218558e-8
339.5755731323821,0.17936034405648912,0.025389593966826704,0.0773668436392988,0.05893781230342205,-70.12231730468741,schizophrenic,1.5235935584551694,5.50219063663828e-8
472.39483726851336,0.19662957088752142,0.017941800289275698,0.07058627149807169,0.06942477404256944,-70.9047632232486,schizophrenic,1.9670899898563419,4.49536276031915e-8
352.7055564121315,0.16686931355782042,0.029247050505882694,0.07988590211035208,0.054550435390922164,-69.24923905376414,schizophrenic,1.3657086907666807,5.28061374627508e-8
293.3743874952993,1.246396065814754e-06,0.06219171230799978,0.15093383252202472,0.0915757942431514,-68.40764534807265,schizophrenic,1.2134561577476453,2.5937507709727e-8
203.98346103678793,0.20103004260448887,0.03782592464285524,0.07339111554629638,0.03559897009779517,-69.34779257921032,schizophrenic,0.9701166096961344,1.74098720441222e-8
481.3535741880022,0.18181896987353496,0.018714206179171914,0.0693253584792461,0.0642026341147301,-73.3425801800848,schizophrenic,1.8522121060203496,4.30982218007508e-8
204.64505143123233,0.2179521498262497,0.03859647814644396,0.06948430005850482,0.031272723487241055,-69.74612790238874,schizophrenic,0.9001378285716294,2.08969586726203e-8
360.89534569828754,0.19004403390850694,0.023050202943960547,0.0744252368493857,0.06007664979733382,-66.80574760988003,schizophrenic,1.614416086277585,4.04040943535162e-8
263.95760488114416,0.14915101368872294,0.03541312960450652,0.08109563692348265,0.046427006038944015,-68.04388783334586,schizophrenic,1.1449939306290904,2.27754230632103e-8
413.3493613100561,0.17052880426675204,0.02337455284428036,0.07394011007972076,0.05847320283539681,-70.13511578097322,schizophrenic,1.581636888891621,3.9843439180201e-8
316.1074561245809,0.1820763916890582,0.0297280337172184,0.07795641728510218,0.051106667983300554,-69.67572400304468,schizophrenic,1.3111599984487037,2.7130923504967e-8
255.7266163152325,0.13627724035598238,0.03596135787012569,0.08916802157219898,0.0552741647007249,-69.14016064677082,schizophrenic,1.2397755097878806,3.17182835806954e-8
283.9470062131188,0.08740582609494295,2.426208094764785e-10,6.224950873754204e-10,3.992857564883562e-10,-69.43468019640875,schizophrenic,1.282855927977954,1.42998737801589e-8
262.27047245738083,4.377111365635346e-07,0.04090865953573661,0.09612177795045891,0.05646357214592955,-67.56118480189761,schizophrenic,1.1748341187577869,2.27659029942524e-8
215.21139159052913,0.23543438773019876,0.03957132848745149,0.0750113275418954,0.03554782891217442,-65.38347039519792,schizophrenic,0.9477989545597684,1.66419610651068e-8
266.53283480011333,0.1967514499252465,0.032584194299174654,0.08015347046353484,0.049292141217003226,-67.66123697947643,schizophrenic,1.2299440294211157,2.02105506104044e-8
256.6826274981596,0.19723279467862298,0.03172769833585688,0.07987384223513708,0.05027019771391235,-68.36771307920702,schizophrenic,1.2587399405658761,3.5950686835119e-8
